{
	"partitions" : [
		{
			"name" : "Top",
			"pins" : [
				{
					"name" : "synced_result[0]",
					"strict" : false
				},
				{
					"name" : "synced_result[1]",
					"strict" : false
				},
				{
					"name" : "synced_result[2]",
					"strict" : false
				},
				{
					"name" : "synced_result[3]",
					"strict" : false
				},
				{
					"name" : "synced_result[4]",
					"strict" : false
				},
				{
					"name" : "synced_result[5]",
					"strict" : false
				},
				{
					"name" : "synced_result[6]",
					"strict" : false
				},
				{
					"name" : "synced_result[7]",
					"strict" : false
				},
				{
					"name" : "synced_result[8]",
					"strict" : false
				},
				{
					"name" : "synced_result[9]",
					"strict" : false
				},
				{
					"name" : "synced_result[10]",
					"strict" : false
				},
				{
					"name" : "synced_result[11]",
					"strict" : false
				},
				{
					"name" : "synced_result[12]",
					"strict" : false
				},
				{
					"name" : "synced_result[13]",
					"strict" : false
				},
				{
					"name" : "synced_result[14]",
					"strict" : false
				},
				{
					"name" : "synced_result[15]",
					"strict" : false
				},
				{
					"name" : "CLOCK_50",
					"strict" : false
				},
				{
					"name" : "a_data[0]",
					"strict" : false
				},
				{
					"name" : "b_data[0]",
					"strict" : false
				},
				{
					"name" : "a_data[1]",
					"strict" : false
				},
				{
					"name" : "b_data[1]",
					"strict" : false
				},
				{
					"name" : "a_data[2]",
					"strict" : false
				},
				{
					"name" : "b_data[2]",
					"strict" : false
				},
				{
					"name" : "a_data[3]",
					"strict" : false
				},
				{
					"name" : "b_data[3]",
					"strict" : false
				},
				{
					"name" : "a_data[4]",
					"strict" : false
				},
				{
					"name" : "b_data[4]",
					"strict" : false
				},
				{
					"name" : "a_data[5]",
					"strict" : false
				},
				{
					"name" : "b_data[5]",
					"strict" : false
				},
				{
					"name" : "a_data[6]",
					"strict" : false
				},
				{
					"name" : "b_data[6]",
					"strict" : false
				},
				{
					"name" : "a_data[7]",
					"strict" : false
				},
				{
					"name" : "b_data[7]",
					"strict" : false
				},
				{
					"name" : "a_data[8]",
					"strict" : false
				},
				{
					"name" : "b_data[8]",
					"strict" : false
				},
				{
					"name" : "a_data[9]",
					"strict" : false
				},
				{
					"name" : "b_data[9]",
					"strict" : false
				},
				{
					"name" : "a_data[10]",
					"strict" : false
				},
				{
					"name" : "b_data[10]",
					"strict" : false
				},
				{
					"name" : "a_data[11]",
					"strict" : false
				},
				{
					"name" : "b_data[11]",
					"strict" : false
				},
				{
					"name" : "a_data[12]",
					"strict" : false
				},
				{
					"name" : "b_data[12]",
					"strict" : false
				},
				{
					"name" : "a_data[13]",
					"strict" : false
				},
				{
					"name" : "b_data[13]",
					"strict" : false
				},
				{
					"name" : "a_data[14]",
					"strict" : false
				},
				{
					"name" : "b_data[14]",
					"strict" : false
				},
				{
					"name" : "a_data[15]",
					"strict" : false
				},
				{
					"name" : "b_data[15]",
					"strict" : false
				}
			]
		}
	]
}