<?xml version="1.0" encoding="UTF-8"?>
<preferences>
 <debug showDebugMenu="0" />
 <systemtable filter="All Interfaces">
  <columns>
   <connections preferredWidth="143" />
   <irq preferredWidth="34" />
  </columns>
 </systemtable>
 <library
   expandedCategories="Library/Basic Functions,Library/Basic Functions/Simulation; Debug and Verification/Debug and Performance,Project,Library/Basic Functions/Simulation; Debug and Verification,Library" />
 <window width="1936" height="1096" x="-8" y="-8" />
 <generation synthesis="VHDL" />
</preferences>
